scope,training_identity_threshold_percent,coverage_rule,global_test_clustering_identity_percent,model,terminal_policy,samples,positive,putative_negative,AUC,AUPRC,MCC,Sn,Sp,Precision,F1,ACC,Brier,TN,FP,FN,TP
common_strict,70,bidirectional coverage >=80%,70,DeepKla,include_terminal_padding,108175,1192,106983,0.5905407327464121,0.015527752931372393,0.02600163906119611,0.41023489932885904,0.7036445042670331,0.01518916568304653,0.029293715928832443,0.7004113704645251,0.19662575332871346,75278,31705,703,489
common_strict,70,bidirectional coverage >=80%,70,DeepKla,exclude_terminal_padding,99755,1048,98707,0.5935933151913788,0.01516135683349754,0.025298889098376888,0.4083969465648855,0.7049044140739765,0.01448098524834213,0.027970199973859626,0.7017893839907774,0.19617293836841487,69579,29128,620,428
common_strict,70,bidirectional coverage >=80%,70,Auto-Kla,include_terminal_padding,108175,1192,106983,0.6918865990563514,0.021995627999921767,0.050108126808804145,0.31711409395973156,0.8535094360786293,0.02355140186915888,0.04384642152882496,0.8475987982435867,0.1334674857762543,91311,15672,814,378
common_strict,70,bidirectional coverage >=80%,70,Auto-Kla,exclude_terminal_padding,99755,1048,98707,0.692151759850284,0.021174865627454187,0.04893342474150751,0.32061068702290074,0.8510946538745986,0.022349341492616734,0.04178584753140156,0.8455215277429703,0.1352495125148046,84009,14698,712,336
common_strict,70,bidirectional coverage >=80%,70,HybridKla,include_terminal_padding,108175,1192,106983,0.7488517157307877,0.035060624099913035,0.0841559879586634,0.5218120805369127,0.8017442023499061,0.028490289483327227,0.05403057678943712,0.7986595793852553,0.14750327405649485,85773,21210,570,622
common_strict,70,bidirectional coverage >=80%,70,HybridKla,exclude_terminal_padding,99755,1048,98707,0.7452039411576415,0.03496361086211345,0.07961962673795477,0.4866412213740458,0.817206479783602,0.02748881582493397,0.05203816131830009,0.8137336474362188,0.13573968570626382,80664,18043,538,510
common_strict,70,bidirectional coverage >=80%,70,PCBert-Kla,include_terminal_padding,108175,1192,106983,0.5765614332378092,0.014054307485224909,0.0049941518383325705,0.018456375838926176,0.9869792396922875,0.015547703180212015,0.01687763713080169,0.976306910099376,0.021909271959138145,105590,1393,1170,22
common_strict,70,bidirectional coverage >=80%,70,PCBert-Kla,exclude_terminal_padding,99755,1048,98707,0.5785063852714839,0.01366429890696025,0.0070207551571974365,0.02099236641221374,0.9868702321010668,0.01669195751138088,0.018596787827557054,0.9767229712796351,0.02145829978019733,97411,1296,1026,22
common_strict,80,bidirectional coverage >=80%,70,DeepKla,include_terminal_padding,112632,1271,111361,0.5900969671215731,0.01576141299423328,0.026148146638122392,0.4091266719118804,0.7040166665170032,0.015531196798184045,0.029926335174953963,0.7006889693870303,0.19656994369304795,78400,32961,751,520
common_strict,80,bidirectional coverage >=80%,70,DeepKla,exclude_terminal_padding,103849,1117,102732,0.5917267512088977,0.015326466382867408,0.024849419608933637,0.40465532676812893,0.7053011719814664,0.014710189735411853,0.028388393417912328,0.7020674248187272,0.196118124519556,72457,30275,665,452
common_strict,80,bidirectional coverage >=80%,70,Auto-Kla,include_terminal_padding,112632,1271,111361,0.6938908595983839,0.0229521077233382,0.05068249476973612,0.3225806451612903,0.8497678720557467,0.023920653442240373,0.04453859105969258,0.8438188081539882,0.1368271317264382,94631,16730,861,410
common_strict,80,bidirectional coverage >=80%,70,Auto-Kla,exclude_terminal_padding,103849,1117,102732,0.6942783146531653,0.02220946063622959,0.0496785909478211,0.3267681289167413,0.8473211852197952,0.022741433021806853,0.04252344614667676,0.8417221157642346,0.138619209452148,87047,15685,752,365
common_strict,80,bidirectional coverage >=80%,70,HybridKla,include_terminal_padding,112632,1271,111361,0.7532262314203272,0.03775363888960283,0.087421732667436,0.5334382376081825,0.7999568969387847,0.02953604879111305,0.05597292165442087,0.7969493571986647,0.14897243599600046,89084,22277,593,678
common_strict,80,bidirectional coverage >=80%,70,HybridKla,exclude_terminal_padding,103849,1117,102732,0.750583355476807,0.03802418219318332,0.083158227773711,0.4995523724261415,0.8154129190515127,0.02858460119870908,0.05407500726814614,0.8120155225375304,0.13719746108205824,83769,18963,559,558
common_strict,80,bidirectional coverage >=80%,70,PCBert-Kla,include_terminal_padding,112632,1271,111361,0.5760723071656063,0.01434276608105995,0.0066216468116725245,0.020456333595594022,0.9867368288718672,0.017298735861610112,0.018745493871665464,0.9758328006250444,0.022366968137412388,109884,1477,1245,26
common_strict,80,bidirectional coverage >=80%,70,PCBert-Kla,exclude_terminal_padding,103849,1117,102732,0.5772651326895151,0.013924272223431244,0.008880653838872203,0.023276633840644583,0.9866448623603161,0.01859799713876967,0.020675944333996023,0.9762828722472051,0.021880374577168297,101360,1372,1091,26
common_strict,90,bidirectional coverage >=80%,70,DeepKla,include_terminal_padding,123142,1491,121651,0.5898338933872586,0.016658033704363685,0.028696723216293997,0.41716968477531857,0.7029042095831518,0.016918724839516917,0.03251862501633773,0.69944454369752,0.19692378053089513,85509,36142,869,622
common_strict,90,bidirectional coverage >=80%,70,DeepKla,exclude_terminal_padding,113580,1312,112268,0.5911529335672828,0.01616503893478842,0.027294476337227095,0.41234756097560976,0.7043681191434781,0.016038658800509916,0.030876351910509945,0.7009948934671597,0.19638371325725465,79078,33190,771,541
common_strict,90,bidirectional coverage >=80%,70,Auto-Kla,include_terminal_padding,123142,1491,121651,0.6934456117309028,0.023872584933473,0.0527697176453577,0.34339369550637155,0.8361460242825789,0.02504279775006114,0.046681254558716266,0.8301797924347502,0.1490447534221928,101718,19933,979,512
common_strict,90,bidirectional coverage >=80%,70,Auto-Kla,exclude_terminal_padding,113580,1312,112268,0.6935929817490291,0.023058931516323485,0.05196766993823895,0.3483231707317073,0.8336836854669184,0.023890428145747294,0.04471405508536763,0.8280771262546223,0.15092994850394187,93596,18672,855,457
common_strict,90,bidirectional coverage >=80%,70,HybridKla,include_terminal_padding,123142,1491,121651,0.7626557640417423,0.044511346952207806,0.09510290754765582,0.5600268276324615,0.7942063772595376,0.03227676845767298,0.061035780855962854,0.7913709376167352,0.1530889052297926,96616,25035,656,835
common_strict,90,bidirectional coverage >=80%,70,HybridKla,exclude_terminal_padding,113580,1312,112268,0.7598792790954485,0.044692147751223266,0.09110673415018998,0.5274390243902439,0.8097855132361849,0.03138749036150043,0.059249111691425146,0.8065240359218172,0.141270006977498,90913,21355,620,692
common_strict,90,bidirectional coverage >=80%,70,PCBert-Kla,include_terminal_padding,123142,1491,121651,0.5749272276128542,0.015343858213075223,0.007484659223532913,0.022803487592219986,0.9854255205464814,0.018815716657443277,0.020618556701030927,0.9737701190495526,0.02423331775746842,119878,1773,1457,34
common_strict,90,bidirectional coverage >=80%,70,PCBert-Kla,exclude_terminal_padding,113580,1312,112268,0.5744469645315173,0.01473124057914869,0.008648038553675704,0.024390243902439025,0.985365375708127,0.0191044776119403,0.021426180113826583,0.9742648353583377,0.02370211104231387,110625,1643,1280,32
